"Symbol","Scientific Name with Author","GSAT Common Name"
"ABCO","Abies concolor (Gord. & Glend.) Lindl. ex Hildebr.","white fir"
"ABGR","Abies grandis (Douglas ex D. Don) Lindl.","grand fir"
"ABLA","Abies lasiocarpa (Hook.) Nutt.","subalpine fir"
"ACCO4","Aconitum columbianum Nutt.","Columbian monkshood"
"ACGI","Acer ginnala Maxim.","Amur maple"
"ACGL","Acer glabrum Torr.","Rocky Mountain maple"
"ACGLD4","Acer glabrum Torr. var. douglasii (Hook.) Dippel","Douglas maple"
"ACGR3","Acer grandidentatum Nutt.","bigtooth maple"
"ACGRG","Acer grandidentatum Nutt. var. grandidentatum","bigtooth maple"
"ACHNA","Achnatherum P. Beauv.","needlegrass"
"ACHY","Achnatherum hymenoides (Roem. & Schult.) Barkworth","INDIAN RICEGRASS"
"ACLE8","Achnatherum lemmonii (Vasey) Barkworth","Lemmon's needlegrass"
"ACLE9","Achnatherum lettermanii (Vasey) Barkworth","Letterman's needlegrass"
"ACMI2","Achillea millefolium L.","WESTERN YARROW"
"ACNE2","Acer negundo L.","BOXELDER"
"ACNE9","Achnatherum nelsonii (Scribn.) Barkworth","Columbia needlegrass"
"ACNEN2","Achnatherum nelsonii (Scribn.) Barkworth ssp. nelsonii","Columbia needlegrass"
"ACOC3","Achnatherum occidentale (Thurb.) Barkworth","western needlegrass"
"ACPL","Acer platanoides L.","Norway maple"
"ACRU2","Actaea rubra (Aiton) Willd.","RED BANEBERRY"
"ACSW3","Achnatherum swallenii (C.L. Hitchc. & Spellenb.) Barkworth","Swallen's ricegrass"
"ACTA80","Acer tataricum L.","tatarian maple"
"ACTH7","Achnatherum thurberianum (Piper) Barkworth","Thurber's needlegrass"
"ACWE3","Achnatherum webberi (Thurb.) Barkworth","Webber ricegrass"
"AGCR","Agropyron cristatum (L.) Gaertn.","CRESTED WHEATGRASS"
"AGCU","Agastache cusickii (Greenm.) A. Heller","Cusick's giant hyssop"
"AGDE2","Agropyron desertorum (Fisch. ex Link) Schult.","standard crested wheatgrass"
"AGFR","Agropyron fragile (Roth) P. Candargy","Siberian wheatgrass"
"AGGI2","Agrostis gigantea Roth","redtop bentgrass"
"AGGL","Agoseris glauca (Pursh) Raf.","mountain dandelion"
"AGHE2","Agoseris heterophylla (Nutt.) Greene","annual mountain dandelion"
"AGOSE","Agoseris Raf.","Agoseris"
"AGROS2","Agrostis L.","bentgrass"
"AGST2","Agrostis stolonifera L.","creeping bentgrass"
"AGUR","Agastache urticifolia (Benth.) Kuntze","horsemint"
"ALAA","Allium aaseae Ownbey","South Idaho onion"
"ALAC4","Allium acuminatum Hook.","tapertip onion"
"ALAE","Alopecurus aequalis Sobol.","SHORTAWN FOXTAIL"
"ALAR","Alopecurus arundinaceus Poir.","creeping foxtail"
"ALDE","Alyssum desertorum Stapf","desert madwort"
"ALINT","Alnus incana (L.) Moench ssp. tenuifolia (Nutt.) Breitung","thinleaf alder"
"ALLIU","Allium L.","onion"
"ALMA6","Allium madidum S. Watson","swamp onion"
"ALNUS","Alnus Mill.","alder"
"ALOC2","Allenrolfea occidentalis (S. Watson) Kuntze","iodinebush"
"ALPR3","Alopecurus pratensis L.","MEADOW FOXTAIL"
"ALRU2","Alnus rubra Bong.","red alder"
"ALTE","Allium textile A. Nelson & J.F. Macbr.","textile onion"
"ALTR7","Alisma triviale Pursh","northern water plantain"
"ALVIS","Alnus viridis (Chaix) DC. ssp. sinuata (Regel) Á. Löve & D. Löve","Sitka alder"
"AMAL2","Amelanchier alnifolia (Nutt.) Nutt. ex M. Roem.","Saskatoon serviceberry"
"AMELA","Amelanchier Medik.","serviceberry"
"AMMEM2","Amsinckia menziesii (Lehm.) A. Nelson & J.F. Macbr. var. menziesii","Rough fiddleneck"
"AMRE","Amaranthus retroflexus L.","redroot amaranth"
"AMSIN","Amsinckia Lehm.","fiddleneck"
"AMUT","Amelanchier utahensis Koehne","Utah serviceberry"
"ANDI2","Antennaria dimorpha (Nutt.) Torr. & A. Gray","low pussytoes"
"ANEMO","Anemone L.","Anemone"
"ANMA","Anaphalis margaritacea (L.) Benth.","pearly everlasting"
"ANMI3","Antennaria microphylla Rydb.","littleleaf pussytoes"
"ANRO2","Antennaria rosea Greene","rose pussytoes"
"ANSE4","Androsace septentrionalis L.","pygmyflower rockjasmine"
"ANTEN","Antennaria Gaertn.","pussytoes"
"APAN2","Apocynum androsaemifolium L.","SPREADING DOGBANE"
"AQFO","Aquilegia formosa Fisch. ex DC.","Sitka columbine"
"ARABI2","Arabis L.","rockcress"
"ARAN7","Argentina anserina (L.) Rydb.","silverweed cinquefoil"
"ARAR8","Artemisia arbuscula Nutt.","low sagebrush"
"ARARA","Artemisia arbuscula Nutt. ssp. arbuscula","gray low sagebrush"
"ARARL","Artemisia arbuscula Nutt. ssp. longiloba (Osterh.) L.M. Shultz","alkali sagebrush"
"ARART","Artemisia arbuscula Nutt. ssp. thermopola Beetle","hot spring sagebrush"
"ARCA12","Artemisia campestris L.","wormwood sagewort"
"ARCA13","Artemisia cana Pursh","silver sagebrush"
"ARCAB3","Artemisia cana Pursh ssp. bolanderi (A. Gray) G.H. Ward","silver sagebrush"
"ARCAV2","Artemisia cana Pursh ssp. viscidula (Osterh.) Beetle","mountain silver sagebrush"
"ARCO5","Arenaria congesta Nutt.","ballhead sandwort"
"ARCO9","Arnica cordifolia Hook.","heartleaf arnica"
"ARDR","Arabis drummondii A. Gray","Drummond's rockcress"
"ARDR4","Artemisia dracunculus L.","herbaceous sagewort"
"ARENA","Arenaria L.","sandwort"
"ARFR4","Artemisia frigida Willd.","fringed sagewort"
"ARFU3","Arnica fulgens Pursh","foothills arnica"
"ARIST","Aristida L.","threeawn"
"ARKI","Arenaria kingii (S. Watson) M.E. Jones","King's sandwort"
"ARLI","Arabis lignifera A. Nelson","desert rockcress"
"ARLI2","Artemisia lindleyana Besser","Columbia River sagewort"
"ARLU","Artemisia ludoviciana Nutt.","LOUISIANA SAGEWORT"
"ARNIC","Arnica L.","Arnica"
"ARNO4","Artemisia nova A. Nelson","black sagebrush"
"ARPA16","Artemisia papposa S.F. Blake & Cronquist","fuzzy sagebrush"
"ARPUL","Aristida purpurea Nutt. var. longiseta (Steud.) Vasey","FENDLER THREEAWN"
"ARRI2","Artemisia rigida (Nutt.) A. Gray","stiff sagebrush"
"ARSO2","Arnica sororia Greene","twin arnica"
"ARTR4","Artemisia tripartita Rydb.","threetip sagebrush"
"ARTRS2","Artemisia tridentata Nutt. ssp. spiciformis (Osterh.) Kartesz & Gandhi","subalpine big sagebrush"
"ARTRT","Artemisia tridentata Nutt. ssp. tridentata","basin big sagebrush"
"ARTRV","Artemisia tridentata Nutt. ssp. vaseyana (Rydb.) Beetle","mountain big sagebrush"
"ARTRW8","Artemisia tridentata Nutt. ssp. wyomingensis Beetle & Young","Wyoming big sagebrush"
"ARTRX","Artemisia tridentata Nutt. ssp. xericensis Winward ex R. Rosentreter & R. Kelsey","foothills big sagebrush"
"ARUV","Arctostaphylos uva-ursi (L.) Spreng.","kinnikinnick"
"ASATI","Astragalus atratus S. Watson var. inseptus Barneby","Fairfield milkvetch"
"ASCE","Astragalus ceramicus Sheldon","Painted milkvetch"
"ASCI2","Astragalus cibarius Sheldon","silky loco milkvetch"
"ASCI4","Astragalus cicer L.","cicer milkvetch"
"ASCLE","Asclepias L.","MILKWEED"
"ASCO12","Astragalus convallarius Greene","skeleton poison milkvetch"
"ASCU4","Astragalus curvicarpus (A. Heller) J.F. Macbr.","curved-pod milkvetch"
"ASFI","Astragalus filipes Torr. ex A. Gray","basalt milkvetch"
"ASIN5","Astragalus inflexus Douglas ex Hook.","bent milkvetch"
"ASLE8","Astragalus lentiginosus Douglas ex Hook.","freckled milkvetch"
"ASMI9","Astragalus miser Douglas ex Hook.","timber milkvetch"
"ASMO7","Astragalus mollissimus Torr.","wooly milkvetch"
"ASMU","Astragalus mulfordiae M.E. Jones","Mulford's milkvetch"
"ASPU9","Astragalus purshii Douglas ex Hook.","woollypod milkvetch"
"ASTER","Aster L.","aster"
"ASTRA","Astragalus L.","milkvetch"
"ASWH","Astragalus whitneyi A. Gray","ballonpod milkvetch"
"ATAR2","Atriplex argentea Nutt.","silverscale saltweed"
"ATCA2","Atriplex canescens (Pursh) Nutt.","FOURWING SALTBUSH"
"ATCO","Atriplex confertifolia (Torr. & Frém.) S. Watson","shadscale"
"ATGA","Atriplex gardneri (Moq.) D. Dietr.","Gardner's saltbush"
"BAAM4","Bassia americana (S. Watson) A.J. Scott","green molly"
"BAHO","Balsamorhiza hookeri (Hook.) Nutt.","Hooker's balsamroot"
"BAHY","Bassia hyssopifolia (Pall.) Kuntz","fivehorn smotherweed"
"BALSA","Balsamorhiza Nutt.","balsamroot"
"BAMA4","Balsamorhiza macrophylla Nutt.","cutleaf balsamroot"
"BAPR5","Bassia prostrata (L.) A.J. Scott","forage kochia"
"BASA3","Balsamorhiza sagittata (Pursh) Nutt.","arrowleaf balsamroot"
"BASC5","Bassia scoparia (L.) A.J. Scott","KOCHIA"
"BEOC2","Betula occidentalis Hook.","water birch"
"BEPUG","Betula pumila L. var. glandulifera Regel","bog birch"
"BERU","Besseya rubra (Douglas ex Hook.) Rydb.","red besseya"
"BESY","Beckmannia syzigachne (Steud.) Fernald","American sloughgrass"
"BOMA7","Bolboschoenus maritimus (L.) Palla","alkali bulrush"
"BRAR5","Bromus arvensis L.","JAPANESE BROME"
"BRASS2","Brassica L.","mustard"
"BRBI2","Bromus biebersteinii Roem. & Schult. [excluded]","meadow brome"
"BRBR5","Bromus briziformis Fisch. & C.A. Mey.","RATTLESNAKE BROME"
"BRHOH","Bromus hordeaceus L. ssp. hordeaceus","SOFT BROME"
"BRIN2","Bromus inermis Leyss.","SMOOTH BROME"
"BRMA4","Bromus marginatus Nees ex Steud.","mountain brome"
"BRST2","Bromus sterilis L.","poverty brome"
"BRTE","Bromus tectorum L.","CHEATGRASS"
"BUAR3","Buglossoides arvensis (L.) I.M. Johnst.","corn gromwell"
"CAAN7","Castilleja angustifolia (Nutt.) G. Don","northwestern Indian paintbrush"
"CAAND","Castilleja angustifolia (Nutt.) G. Don var. dubia A. Nelson","northwestern Indian paintbrush"
"CAAQ","Carex aquatilis Wahlenb.","Water sedge"
"CAAR18","Caragana arborescens Lam.","SIBERIAN PEASHRUB"
"CAAT3","Carex athrostachya Olney","slenderbeak sedge"
"CABR4","Calochortus bruneaunis A. Nelson & J.F. Macbr.","Bruneau mariposa lily"
"CACA4","Calamagrostis canadensis (Michx.) P. Beauv.","bluejoint"
"CACO11","Carex concinnoides Mack.","northwest sedge"
"CADO2","Carex douglasii Boott","Douglas' sedge"
"CAEU","Calochortus eurycarpus S. Watson","mariposa lily"
"CAEX5","Carex exsiccata L.H. Bailey","western inflated sedge"
"CAFI","Carex filifolia Nutt.","threadleaf sedge"
"CAFL7","Castilleja flava S. Watson","yellow Indian paintbrush"
"CAGE2","Carex geyeri Boott","Elk sedge"
"CAHO5","Carex hoodii Boott","Hood's sedge"
"CALA11","Carex lasiocarpa Ehrh.","woollyfruit sedge"
"CALI4","Castilleja linariifolia Benth.","narrow leaved Indian paintbrush"
"CALOC","Calochortus Pursh","mariposa lily"
"CAMI7","Carex microptera Mack.","swallowing sedge"
"CAMIS3","Castilleja minor (A. Gray) A. Gray ssp. spiralis (Jeps.) T.I. Chuang & Heckard","lesser Indian painbrush"
"CANE2","Carex nebrascensis Dewey","NEBRASKA SEDGE"
"CANI","Calochortus nitidus Douglas","broadfruit mariposa lily"
"CANU3","Calochortus nuttallii Torr. & A. Gray","sego lily"
"CAPE42","Carex pellita Muhl. ex Willd.","Woolly sedge"
"CAPE7","Carex petasata Dewey","Liddon sedge"
"CAPIL","Castilleja pilosa (S. Watson) Rydb. var. longispica (A. Nelson) N.H. Holmgren","longspike Indian paintbrush"
"CAPU10","Castilleja pulchella Rydb.","showy Indian paintbrush"
"CAQU2","Camassia quamash (Pursh) Greene","common camas"
"CARA6","Carex raynoldsii Dewey","Raynolds' sedge"
"CAREX","Carex L.","sedge"
"CARO5","Carex rossii Boott","Ross' sedge"
"CARO6","Carex rostrata Stokes","beaked sedge"
"CARU","Calamagrostis rubescens Buckley","pinegrass"
"CASI2","Carex simulata Mack.","analogue sedge"
"CASTI2","Castilleja Mutis ex L. f.","Indian paintbrush"
"CAUT","Carex utriculata Boott","northwest sedge"
"CAVI9","Castilleja viscidula A. Gray","sticky Indian paintbrush"
"CELAR","Celtis laevigata Willd. var. reticulata (Torr.) L.D. Benson","NETLEAF HACKBERRY"
"CELE3","Cercocarpus ledifolius Nutt.","curlleaf mountain mahogany"
"CEMA2","Ceanothus martinii M.E. Jones","Martin's ceanothus"
"CEMO2","Cercocarpus montanus Raf.","birchleaf mountain mahogany"
"CEOC","Celtis occidentalis L.","common hackberry"
"CESA","Ceanothus sanguineus Pursh","redstem ceanothus"
"CESO3","Centaurea solstitialis L.","yellow starthistle"
"CETE5","Ceratocephala testiculata (Crantz) Roth","BUR BUTTERCUP"
"CEVE","Ceanothus velutinus Douglas ex Hook.","snowbrush ceanothus"
"CHAEN","Chaenactis DC.","dustymaiden"
"CHAL7","Chenopodium album L.","LAMBSQUARTERS"
"CHANA2","Chamerion angustifolium (L.) Holub ssp. angustifolium","fire willowherb"
"CHDO","Chaenactis douglasii (Hook.) Hook. & Arn.","Douglas dustymaiden"
"CHDOD","Chaenactis douglasii (Hook.) Hook. & Arn. var. douglasii","False-yarrow dustymaiden"
"CHMI2","Chamaebatiaria millefolium (Torr.) Maxim.","fernbush"
"CHRYS9","Chrysothamnus Nutt.","rabbitbrush"
"CHVI8","Chrysothamnus viscidiflorus (Hook.) Nutt.","green rabbitbrush"
"CHVIP4","Chrysothamnus viscidiflorus (Hook.) Nutt. ssp. puberulus (D.C. Eaton) H.M. Hall & Clem.","twistedleaf green rabbitbrush"
"CHVIS5","Chrysothamnus viscidiflorus (Hook.) Nutt. ssp. viscidiflorus var. stenophyllus (A. Gray) H.M. Hall","yellow rabbitbrush"
"CHVIV4","Chrysothamnus viscidiflorus (Hook.) Nutt. ssp. viscidiflorus var. viscidiflorus","low green rabbitbrush"
"CIDO","Cicuta douglasii (DC.) J.M. Coult. & Rose","western water hemlock"
"CIRSI","Cirsium Mill.","thistle"
"CISC2","Cirsium scariosum Nutt.","elk thistle"
"CISU","Cirsium subniveum Rydb.","Davis thistle"
"CLEMA","Clematis L.","virginsbower"
"CLEOM","Cleome L.","beeplant"
"CLFL3","Claytonia flava A. Nelson","lanceleaf springbeauty"
"CLLI2","Clematis ligusticifolia Nutt.","western clematis"
"CLLU2","Cleome lutea Hook.","yellow beeplant"
"CLPU","Clarkia pulchella Pursh","elkhorn clarkia"
"CLSE","Cleome serrulata Pursh","ROCKY MOUNTAIN BEEPLANT"
"COAC2","Cotoneaster acutifolius Turcz.","Peking cotoneaster"
"COCA13","Cornus canadensis L.","bunchberry"
"COCAH2","Corydalis caseana A. Gray ssp. hastata (Rydb.) G.B. Ownbey","Idaho corydalis"
"COGR4","Collomia grandiflora Douglas ex Lindl.","grand collomia"
"COIN16","Cotoneaster integerrimus Medik.","European cotoneaster"
"COLLI","Collinsia Nutt.","blue eyed Mary"
"COLLO","Collomia Nutt.","collomia"
"COMAN","Comandra Nutt.","toadflax"
"COPA2","Collinsia parryi A. Gray","Perry's blue eyed Mary"
"COPA3","Collinsia parviflora Lindl.","little blue eyed Mary"
"CORA5","Cordylanthus ramosus Nutt. ex Benth.","bushy bird's beak"
"CORNU","Cornus L.","dogwood"
"CORYP","Coryphantha (Engelm.) Lem.","pin cushion"
"COSE16","Cornus sericea L.","redosier dogwood"
"COSES","Cornus sericea L. ssp. sericea","redosier dogwood"
"COUM","Comandra umbellata (L.) Nutt.","BASTARD TOADFLAX"
"COUMP","Comandra umbellata (L.) Nutt. ssp. pallida (A. DC.) Piehl","pale bastard toadflax"
"CRAC2","Crepis acuminata Nutt.","tapertip hawksbeard"
"CRAF","Cryptantha affinis (A. Gray) Greene","common cryptantha"
"CRAN6","Crataegus ×anomala Sarg. (pro sp.) [intricata × mollis]","Arnold hawthorn"
"CRATA","Crataegus L.","hawthorn"
"CRDO2","Crataegus douglasii Lindl.","BLACK HAWTHORN"
"CREPI","Crepis L.","HAWKSBEARD"
"CRIN9","Cryptantha interrupta (Greene) Payson","bristly cryptantha"
"CROC","Crepis occidentalis Nutt.","western hawksbeard"
"CRTO4","Cryptantha torreyana (A. Gray) Greene","Torrey's cryptantha"
"CRYPT","Cryptantha Lehm. ex G. Don","CRYPTANTHA"
"CYOF","Cynoglossum officinale L.","HOUNDSTONGUE"
"DACA3","Danthonia californica Bol.","California oatgrass"
"DAFR6","Dasiphora fruticosa (L.) Rydb.","Shrubby cinquefoil"
"DAFRF","Dasiphora fruticosa (L.) Rydb. ssp. floribunda (Pursh) Kartesz","Shrubby cinquefoil"
"DAGL","Dactylis glomerata L.","ORCHARDGRASS"
"DAIN","Danthonia intermedia Vasey","timber oatgrass"
"DAUN","Danthonia unispicata (Thurb.) Munro ex Macoun","onespike oatgrass"
"DEBI","Delphinium bicolor Nutt.","low larkspur"
"DECE","Deschampsia cespitosa (L.) P. Beauv.","tufted hairgrass"
"DEDA","Deschampsia danthonioides (Trin.) Munro","annual hairgrass"
"DEIN5","Descurainia incana (Bernh. ex Fisch. & C.A. Mey.) Dorn","mountain tansymustard"
"DELPH","Delphinium L.","larkspur"
"DEOC","Delphinium ×occidentale (S. Watson) S. Watson (pro sp.) [barbeyi × glaucum]","tall larkspur"
"DEPI","Descurainia pinnata (Walter) Britton","western tansymustard"
"DESCU","Descurainia Webb & Bethel.","tansymustard"
"DIFU2","Dipsacus fullonum L.","Venuscup teasel"
"DISP","Distichlis spicata (L.) Greene","INLAND SALTGRASS"
"DOPUP2","Dodecatheon pulchellum (Raf.) Merr. ssp. pulchellum","darkthroat shootingstar"
"DRABA","Draba L.","Draba"
"DRDE","Draba densifolia Nutt.","rockcress draba"
"DRVE2","Draba verna L.","spring draba"
"ECCOC","Echinocereus coccineus Engelm. var. coccineus","scarlet hedgehog cactus"
"ELCA11","Elymus caninus (L.) L.","bearded wheatgrass"
"ELCA4","Elymus canadensis L.","CANADA WILDRYE"
"ELCO","Elaeagnus commutata Bernh. ex Rydb.","silverberry"
"ELEL5","Elymus elymoides (Raf.) Swezey","BOTTLEBRUSH SQUIRRELTAIL"
"ELELB2","Elymus elymoides (Raf.) Swezey ssp. brevifolius (J.G. Sm.) Barkworth","BOTTLEBRUSH SQUIRRELTAIL"
"ELELC2","Elymus elymoides (Raf.) Swezey ssp. californicus (J.G. Sm.) Barkworth","BOTTLEBRUSH SQUIRRELTAIL"
"ELELE","Elymus elymoides (Raf.) Swezey ssp. elymoides","BOTTLEBRUSH SQUIRRELTAIL"
"ELEOC","Eleocharis R. Br.","spikerush"
"ELGLG","Elymus glaucus Buckley ssp. glaucus","blue wildrye"
"ELLAL","Elymus lanceolatus (Scribn. & J.G. Sm.) Gould ssp. lanceolatus","thickspike wheatgrass"
"ELMU3","Elymus multisetus M.E. Jones","big squirreltail"
"ELOV","Eleocharis ovata (Roth) Roem. & Schult.","ovate spikerush"
"ELPA3","Eleocharis palustris (L.) Roem. & Schult.","common spikerush"
"ELQU2","Eleocharis quinqueflora (Hartmann) O. Schwarz","few flower spikerush"
"ELRE4","Elymus repens (L.) Gould","quackgrass"
"ELRO2","Eleocharis rostellata (Torr.) Torr.","BEAKED SPIKERUSH"
"ELTR7","Elymus trachycaulus (Link) Gould ex Shinners","Slender wheatgrass"
"ELTRT","Elymus trachycaulus (Link) Gould ex Shinners ssp. trachycaulus","slender bearded wheatgrass"
"ELWA2","Elymus wawawaiensis J. Carlson & Barkworth","Snake River wheatgrass"
"ELYMU","Elymus L.","wildrye"
"ENNU","Enceliopsis nudicaulis (A. Gray) A. Nelson","false sunflower"
"EPBR3","Epilobium brachycarpum C. Presl","tall willowherb"
"EPCIG","Epilobium ciliatum Raf. ssp. glandulosum (Lehm.) Hoch & P.H. Raven","fringed willowherb"
"EPHED","Ephedra L.","mormon tea"
"EPILO","Epilobium L.","willowherb"
"EQAR","Equisetum arvense L.","FIELD HORSETAIL"
"EQLA","Equisetum laevigatum A. Braun","SMOOTH HORSETAIL"
"EQUIS","Equisetum L.","horsetail"
"ERAC2","Erigeron acris L.","bitter fleabane"
"ERAN","Erigeron annuus (L.) Pers.","DAISY FLEABANE"
"ERAP","Erigeron aphanactis (A. Gray) Greene","rayless shaggy fleabane"
"ERCA2","Erigeron caespitosus Nutt.","tufted fleabane"
"ERCA8","Eriogonum caespitosum Nutt.","matted buckwheat"
"ERCAC","Erysimum capitatum (Douglas ex Hook.) Greene var. capitatum","sanddune wallflower"
"ERCI6","Erodium cicutarium (L.) L'Hér. ex Aiton","cutleaf filaree"
"ERCO4","Erigeron compositus Pursh","cutleaf fleabane"
"ERCOC3","Erigeron concinnus (Hook. & Arn.) Torr. & A. Gray var. concinnus","Navajo fleabane"
"ERDOD","Eriogonum douglasii Benth. var. douglasii","Douglas' matted buckwheat"
"EREFE","Eriogonum effusum Nutt. var. effusum","pink buckwheat"
"ERFI2","Erigeron filifolius (Hook.) Nutt.","threadleaf fleabane"
"ERFL4","Eriogonum flavum Nutt.","yellow buckwheat"
"ERGR9","Erythronium grandiflorum Pursh","yellow avalanche-lily"
"ERHE2","Eriogonum heracleoides Nutt.","Wyeth buckwheat"
"ERHEH3","Eriogonum heracleoides Nutt. var. heracleoides","parsnipflower buckwheat"
"ERIGE2","Erigeron L.","fleabane"
"ERIOG","Eriogonum Michx.","buckwheat"
"ERLA6","Eriophyllum lanatum (Pursh) Forbes","common woolly sunflower"
"ERLI","Erigeron linearis (Hook.) Piper","desert yellow fleabane"
"ERMI4","Eriogonum microthecum Nutt.","slender buckwheat"
"ERMIL2","Eriogonum microthecum Nutt. var. laxiflorum Hook.","laxleaf buckwheat"
"ERNA10","Ericameria nauseosa (Pall. ex Pursh) G.L. Nesom & Baird","RUBBER RABBITBRUSH"
"ERNA7","Ericameria nana Nutt.","dwarf rubber rabbitbrush"
"ERNAN4","Ericameria nauseosa (Pall. ex Pursh) G.L. Nesom & Baird ssp. nauseosa var. nana (Cronquist) G.L. Nesom & Baird","dwarf rubber rabbitbrush"
"ERNAO","Ericameria nauseosa (Pall. ex Pursh) G.L. Nesom & Baird ssp. consimilis (Greene) G.L. Nesom & Baird var. oreophila (A. Nelson) G.L. Nesom & Baird","RUBBER RABBITBRUSH"
"ERNI2","Eriogonum niveum Douglas ex Benth.","snow buckwheat"
"EROV","Eriogonum ovalifolium Nutt.","ovalleaf buckwheat"
"EROVO5","Eriogonum ovalifolium Nutt. var. ovalifolium","cushion buckwheat"
"ERPU2","Erigeron pumilus Nutt.","SHAGGY FLEABANE"
"ERSH","Eriogonum shockleyi S. Watson","Shockley's buckwheat"
"ERSP4","Erigeron speciosus (Lindl.) DC.","showy fleabane"
"ERSP7","Eriogonum sphaerocephalum Douglas ex Benth.","rock buckwheat"
"ERST3","Erigeron strigosus Muhl. ex Willd.","PRAIRIE FLEABANE"
"ERUM","Eriogonum umbellatum Torr.","sulphur-flower buckwheat"
"ERWA3","Eriogonum watsonii Torr. & A. Gray","Idaho buckwheat"
"ERYSI","Erysimum L.","wallflower"
"ESMI3","Escobaria missouriensis (Sweet) D.R. Hunt","foxtail cactus"
"ESVIV","Escobaria vivipara (Nutt.) Buxbaum var. vivipara","cushion cactus"
"EUCO36","Eurybia conspicua (Lindl.) G.L. Nesom","showy aster"
"EUEL2","Eucephalus elegans Nutt.","elegant aster"
"EUEN","Eucephalus engelmannii (D.C. Eaton) Greene","Engelmann's aster"
"EUGL19","Eurybia glauca (Nutt.) G.L. Nesom","blue aster"
"EUIN9","Eurybia integrifolia (Nutt.) G.L. Nesom","entire leaved aster"
"EUOC4","Euthamia occidentalis Nutt.","western goldenrod"
"FEBR7","Festuca brevipila Tracey","hard fescue"
"FEID","Festuca idahoensis Elmer","Idaho fescue"
"FEOV","Festuca ovina L.","sheep fescue"
"FERU2","Festuca rubra L.","RED FESCUE"
"FORSY","Forsythia Vahl","forsythia"
"FRAGA","Fragaria L.","strawberry"
"FRAL2","Frasera albicaulis Douglas ex Griseb.","whitestem elkweed"
"FRMA5","Fraxinus mandshurica Rupr.","Manchurian ash"
"FRMO","Frasera montana Mulford","white elkweed"
"FRPE","Fraxinus pennsylvanica Marshall","GREEN ASH"
"FRPU2","Fritillaria pudica (Pursh) Spreng.","yellow fritillary"
"FRSP","Frasera speciosa Douglas ex Griseb.","showy elkweed"
"FRVEB2","Fragaria vesca L. ssp. bracteata (A. Heller) Staudt","bracht strawberry"
"FRVIG2","Fragaria virginiana Duchesne ssp. glauca (S. Watson) Staudt","blueleaf strawberry"
"GAAP2","Galium aparine L.","goosegrass bedstraw"
"GABI","Galium bifolium S. Watson","twinleaf bedstraw"
"GABO2","Galium boreale L.","northern bedstraw"
"GADI2","Gayophytum diffusum Torr. & A. Gray","spreading groundsmoke"
"GAHU2","Gayophytum humile Juss.","low groundsmoke"
"GALIU","Galium L.","bedstraw"
"GARA","Gayophytum racemosum Torr. & A. Gray","blackfoot groundsmoke"
"GARA2","Gayophytum ramosissimum Torr. & A. Gray","hairstem groundsmoke"
"GATR2","Galium trifidum L.","threelute bedstraw"
"GEAF","Gentiana affinis Griseb.","prairie gentian"
"GENTI","Gentiana L.","gentian"
"GEPR3","Gentiana prostrata Haenke","MOSS GENTIAN"
"GERAN","Geranium L.","Geranium"
"GERI","Geranium richardsonii Fisch. & Trautv.","Richardson's geranium"
"GERO2","Geum rossii (R. Br.) Ser.","three-flower avens"
"GEROT","Geum rossii (R. Br.) Ser. var. turbinatum (Rydb.) C.L. Hitchc.","oldmans whiskers avens"
"GETR","Geum triflorum Pursh","old man's whiskers"
"GEUM","Geum L.","avens"
"GEVI2","Geranium viscosissimum Fisch. & C.A. Mey. ex C.A. Mey.","sticky geranium"
"GILIA","Gilia Ruiz & Pav.","Gilia"
"GLLE3","Glycyrrhiza lepidota Pursh","wild licorice"
"GLSPA","Glossopetalon spinescens A. Gray var. aridum M.E. Jones","spiny greasebush"
"GLST","Glyceria striata (Lam.) Hitchc.","mannagrass"
"GLTR","Gleditsia triacanthos L.","HONEYLOCUST"
"GRNA","Grindelia nana Nutt.","Idaho gumweed"
"GRNAI","Grindelia nana Nutt. var. integerrima (Rydb.) Steyerm.","Idaho gumweed"
"GRNAN","Grindelia nana Nutt. var. nana","Idaho gumweed"
"GRSP","Grayia spinosa (Hook.) Moq.","spiny hopsage"
"GRSQ","Grindelia squarrosa (Pursh) Dunal","CURLYCUP GUMWEED"
"GUSA2","Gutierrezia sarothrae (Pursh) Britton & Rusby","BROOM SNAKEWEED"
"HACKE","Hackelia Opiz","stickseed"
"HADE","Hackelia deflexa (Wahlenb.) Opiz","nodding stickseed"
"HADEA","Hackelia deflexa (Wahlenb.) Opiz var. americana (A. Gray) Fernald & I.M. Johnst.","American stickseed"
"HAFL2","Hackelia floribunda (Lehm.) I.M. Johnst.","many-flower stickseed"
"HAGL","Halogeton glomeratus (M. Bieb.) C.A. Mey.","Halogeton"
"HAMI","Hackelia micrantha (Eastw.) J.L. Gentry","blue stickseed"
"HAPA","Hackelia patens (Nutt.) I.M. Johnst.","spotted stickseed"
"HEAU","Helenium autumnale L.","COMMON SNEEZEWEED"
"HEBO","Hedysarum boreale Nutt.","northern sweetvetch"
"HECO26","Hesperostipa comata (Trin. & Rupr.) Barkworth","needle and thread"
"HECOC8","Hesperostipa comata (Trin. & Rupr.) Barkworth ssp. comata","needle and thread"
"HECOI","Hesperostipa comata (Trin. & Rupr.) Barkworth ssp. intermedia (Scribn. & Tweedy) Barkworth","intermediate needle and thread"
"HECY2","Heuchera cylindrica Douglas ex Hook.","roundleaf alumroot"
"HELEN","Helenium L.","sneezeweed"
"HELIA","Helianthella Torr. & A. Gray","Helianthella"
"HELIA3","Helianthus L.","sunflower"
"HEMA80","Heracleum maximum W. Bartram","common cowparsnip"
"HEMU3","Heliomeris multiflora Nutt.","showy goldeneye"
"HEMUM","Heliomeris multiflora Nutt. var. multiflora","showy goldeneye"
"HENU","Helianthus nuttallii Torr. & A. Gray","Nuttall's sunflower"
"HEUCH","Heuchera L.","ALUMROOT"
"HEUN","Helianthella uniflora (Nutt.) Torr. & A. Gray","oneflower helianthella"
"HIAL2","Hieracium albiflorum Hook.","white hawkweed"
"HIAU","Hieracium aurantiacum L.","orange hawkweed"
"HICY","Hieracium cynoglossoides Arv.-Touv.","Albert hawkweed"
"HIERA","Hieracium L.","hawkweed"
"HIRH80","Hippophae rhamnoides L.","sea-buckthorn"
"HISC2","Hieracium scouleri Hook.","Scouler's hawkweed"
"HISCA","Hieracium scouleri Hook. var. albertinum (Farr) G.W. Douglas & G.A. Allen","western hawkweed"
"HOBR2","Hordeum brachyantherum Nevski","MEADOW BARLEY"
"HODI","Holodiscus discolor (Pursh) Maxim.","oceanspray"
"HODU","Holodiscus dumosus (Nutt. ex Hook.) A. Heller","rockspirea"
"HOJU","Hordeum jubatum L.","FOXTAIL BARLEY"
"HOPU","Hordeum pusillum Nutt.","LITTLE BARLEY"
"HYCA4","Hydrophyllum capitatum Douglas ex Benth.","ballhead waterleaf"
"HYHO","Hymenoxys hoopesii (A. Gray) Bierner","orange sneezeweed"
"IOAL","Ionactis alpina (Nutt.) Greene","Lava aster"
"IOAL","Ionactis alpina (Nutt.) Greene","Lava aster"
"IPAG","Ipomopsis aggregata (Pursh) V.E. Grant","scarlet gilia"
"IPCOC3","Ipomopsis congesta (Hook.) V.E. Grant ssp. congesta","ballhead gilia"
"IRMI","Iris missouriensis Nutt.","Rocky Mountain iris"
"IVAX","Iva axillaris Pursh","POVERTYWEED"
"JUARL","Juncus arcticus Willd. ssp. littoralis (Engelm.) Hultén","BALTIC RUSH"
"JUCO6","Juniperus communis L.","common juniper"
"JUDU2","Juncus dudleyi Wiegand","DUDLEY'S RUSH"
"JUEF","Juncus effusus L.","common rush"
"JUEN","Juncus ensifolius Wikstr.","swordleaf rush"
"JUME3","Juncus mertensianus Bong.","Mertens' rush"
"JUNCU","Juncus L.","rush"
"JUNI","Juglans nigra L.","BLACK WALNUT"
"JUNIP","Juniperus L.","juniper"
"JUOC","Juniperus occidentalis Hook.","western juniper"
"JUOS","Juniperus osteosperma (Torr.) Little","Utah juniper"
"JUPA","Juncus parryi Engelm.","Parry's rush"
"JUSC2","Juniperus scopulorum Sarg.","ROCKY MOUNTAIN JUNIPER"
"JUTE","Juncus tenuis Willd.","poverty rush"
"JUTO","Juncus torreyi Coville","Torrey's rush"
"JUVI","Juniperus virginiana L.","EASTERN REDCEDAR"
"KOMA","Koeleria macrantha (Ledeb.) Schult.","PRAIRIE JUNEGRASS"
"KRLA2","Krascheninnikovia lanata (Pursh) A. Meeuse & Smit","WINTERFAT"
"LAGL5","Layia glandulosa (Hook.) Hook. & Arn.","whitedaisy tidytips"
"LALAL3","Lathyrus lanszwertii Kellogg var. leucanthus (Rydb.) Dorn","aspen peavine"
"LAOC","Larix occidentalis Nutt.","western larch"
"LARI","Lathyrus rigidus T.G. White","stiff peavine"
"LASE","Lactuca serriola L.","PRICKLY LETTUCE"
"LATHY","Lathyrus L.","peavine"
"LEAN3","Leymus angustus (Trin.) Pilg.","Altai wildrye"
"LECI4","Leymus cinereus (Scribn. & Merr.) Á. Löve","basin wildrye"
"LEDI2","Lepidium dictyotum A. Gray","alkali pepperweed"
"LEDO2","Lesquerella douglasii S. Watson","Douglas' bladderpod"
"LEFL4","Leymus flavescens (Scribn. & J.G. Sm.) Pilg.","yellow wildrye"
"LEKI2","Leucopoa kingii (S. Watson) W.A. Weber","spike fescue"
"LEMI3","Lemna minor L.","common duckweed"
"LEOC","Lesquerella occidentalis S. Watson","western bladderpod"
"LEPA17","Lepidium papilliferum (L.F. Hend.) A. Nelson & J.F. Macbr.","Idaho pepperweed"
"LEPE2","Lepidium perfoliatum L.","clasping leaf pepperweed"
"LEPID","Lepidium L.","PEPPERWEED"
"LERA5","Leymus racemosus (Lam.) Tzvelev","mammoth wildrye"
"LERE7","Lewisia rediviva Pursh","bitterroot"
"LESA2","Lepidium sativum L.","gardencress pepperweed"
"LESA4","Leymus salinus (M.E. Jones) Á. Löve","Salina wildrye"
"LESAS2","Leymus salinus (M.E. Jones) Á. Löve ssp. salmonis (C.L. Hitchc.) Atkins","Salmon wildrye"
"LESQU","Lesquerella S. Watson","BLADDERPOD"
"LETR5","Leymus triticoides (Buckley) Pilg.","beardless wildrye"
"LEYMU","Leymus Hochst.","wildrye"
"LILE3","Linum lewisii Pursh","LEWIS FLAX"
"LILEL2","Linum lewisii Pursh var. lewisii","PRAIRIE FLAX"
"LINUM","Linum L.","flax"
"LIPA5","Lithophragma parviflorum (Hook.) Nutt. ex Torr. & A. Gray","smallflower woodland-star"
"LIPE2","Linum perenne L.","BLUE FLAX"
"LIPU11","Linanthus pungens (Torr.) J.M. Porter & L.A. Johnson","prickly phlox"
"LIRU4","Lithospermum ruderale Douglas ex Lehm.","white stoneseed"
"LITE4","Lithophragma tenellum Nutt.","slender woodland-star"
"LOAM","Lomatium ambiguum (Nutt.) J.M. Coult. & Rose","Wyeth biscuitroot"
"LOBI","Lomatium bicolor (S. Watson) J.M. Coult. & Rose","Wasatch bicuitroot"
"LOCO4","Lomatium cous (S. Watson) J.M. Coult. & Rose","camas biscuitroot"
"LOCO6","Lotus corniculatus L.","Birdsfoot trefoil"
"LODI","Lomatium dissectum (Nutt.) Mathias & Constance","fernleaf biscuitroot"
"LODIM","Lomatium dissectum (Nutt.) Mathias & Constance var. multifidum","carrotleaf biscuitroot"
"LOFO","Lomatium foeniculaceum (Nutt.) J.M. Coult. & Rose","desert biscuitroot"
"LOFOM","Lomatium foeniculaceum (Nutt.) J.M. Coult. & Rose ssp. macdougalii (J.M. Coult. & Rose) W.L. Theobald","MacDougal's biscuitroot"
"LOHE2","Lomatium hendersonii (J.M. Coult. & Rose) J.M. Coult. & Rose","Henderson's biscuitroot"
"LOIN5","Lonicera involucrata (Richardson) Banks ex Spreng.","twinberry honeysuckle"
"LOKO2","Lonicera korolkowii Stapf","blueleaf honeysuckle"
"LOMA6","Lonicera maackii (Rupr.) Herder","Amur honeysuckle"
"LOMAT","Lomatium Raf.","BISCUITROOT"
"LONIC","Lonicera L.","honeysuckle"
"LONU2","Lomatium nudicaule (Pursh) J.M. Coult. & Rose","barestem biscuitroot"
"LOPE","Lolium perenne L.","PERENNIAL RYEGRASS"
"LORO2","Lomatium rollinsii Mathias & Constance","Rollins' biscuitroot"
"LOTR2","Lomatium triternatum (Pursh) J.M. Coult. & Rose","nineleaf biscuitroot"
"LOTUS","Lotus L.","trefoil"
"LUAR3","Lupinus argenteus Pursh","Silvery lupine"
"LUAR6","Lupinus arbustus Douglas ex Lindl.","longspur lupine"
"LUAR7","Lupinus aridus Douglas","desert lupine"
"LUARA5","Lupinus argenteus Pursh ssp. argenteus","mountain lupine"
"LUARN","Lupinus arbustus Douglas ex Lindl. ssp. neolaxiflorus D. Dunn","Quaker-bonnet lupine"
"LUBU2","Lupinus burkei S. Watson","largeleaf lupine"
"LUCA","Lupinus caudatus Kellogg","tailcup lupine"
"LUHO2","Lupinus holosericeus Nutt.","little flowered lupine"
"LULE3","Lupinus leucophyllus Douglas ex Lindl.","velvet lupine"
"LUPIN","Lupinus L.","lupine"
"LUPO2","Lupinus polyphyllus Lindl.","bigleaf lupine"
"LUSE4","Lupinus sericeus Pursh","silky lupine"
"LYCI","Lysimachia ciliata L.","FRINGED LOOSESTRIFE"
"LYSIM","Lysimachia L.","loosestrife"
"MACA2","Machaeranthera canescens (Pursh) A. Gray","hoary tansyaster"
"MADIA","Madia Molina","tarweed"
"MAEX","Madia exigua (Sm.) A. Gray","small tarweed"
"MAGL2","Madia glomerata Hook.","mountain tarweed"
"MAGR3","Madia gracilis (Sm.) D.D. Keck","common tarweed"
"MAMA37","Malus mandshurica (Maxim.) Kom.","crabapple"
"MARE11","Mahonia repens (Lindl.) G. Don","low Oregongrape"
"MAST4","Maianthemum stellatum (L.) Link","starry false solomonseal"
"MAVU","Marrubium vulgare L.","HOREHOUND"
"MEAR4","Mentha arvensis L.","wild mint"
"MEBU","Melica bulbosa Geyer ex Porter & J.M. Coult.","oniongrass"
"MECA3","Menispermum canadense L.","Idaho bluebells"
"MECI3","Mertensia ciliata (James ex Torr.) G. Don","tall fringed bluebells"
"MELA2","Mentzelia laevicaulis (Hook.) Torr. & A. Gray","smoothstem blazingstar"
"MELO4","Mertensia longiflora Greene","small bluebells"
"MELU","Medicago lupulina L.","BLACK MEDIC"
"MENTH","Mentha L.","mint"
"MENTZ","Mentzelia L.","blazingstar"
"MEOB","Mertensia oblongifolia (Nutt.) G. Don","oblongleaf bluebells"
"MEOF","Melilotus officinalis (L.) Lam.","white sweetclover"
"MEOF","Melilotus officinalis (L.) Lam.","YELLOW SWEETCLOVER"
"MERTE","Mertensia Roth","bluebells"
"MESA","Medicago sativa L.","ALFALFA"
"MESAF","Medicago sativa L. ssp. falcata (L.) Arcang.","yellow blossom alfalfa"
"MESP","Melica spectabilis Scribn.","purple oniongrass"
"MICA5","Mitella caulescens Nutt.","leafy miterwort"
"MICRO22","Microsteris Greene","microsteris"
"MICRO6","Microseris D. Don","microseris"
"MIGR","Microsteris gracilis (Hook.) Greene","slender phlox"
"MIGRG4","Microsteris gracilis (Hook.) Greene var. gracilis","slender phlox"
"MINU","Microseris nutans (Hook.) Sch. Bip.","nodding microceris"
"MITEL","Mitella L.","miterwort"
"MOCH","Montia chamissoi (Ledeb. ex Spreng.) Greene","water minerslettuce"
"MUAS","Muhlenbergia asperifolia (Nees & Meyen ex Trin.) Parodi","ALKALI MUHLY"
"MUHLE","Muhlenbergia Schreb.","muhly"
"MURI","Muhlenbergia richardsonis (Trin.) Rydb.","mat muhly"
"MYVE","Myosotis verna Nutt.","spring forget-me-not"
"NAAR","Nama aretioides (Hook. & Arn.) Brand","purple fiddleleaf"
"NABR","Navarretia breweri (A. Gray) Greene","brewer's navarratia"
"NADE2","Nama densum Lemmon","matted fiddleleaf"
"NAMA4","Nama L.","fiddleleaf"
"NAVI4","Nassella viridula (Trin.) Barkworth","green needlegrass"
"NEPA3","Neslia paniculata (L.) Desv.","ballmustard"
"NONI","Nothocalais nigrescens (L.F. Hend.) A. Heller","meadow prairie-dandelion"
"OECA10","Oenothera caespitosa Nutt.","tufted evening-primrose"
"OENOT","Oenothera L.","evening-primrose"
"OEPA","Oenothera pallida Lindl.","pale evening-primrose"
"OEPS2","Oenothera psammophila (A. Nelson & J.F. Macbr.) W.L. Wagner, Stockhouse & Klein","St. Anthony Dunes evening-primrose"
"OLDOI","Olsynium douglasii (A. Dietr.) E.P. Bicknell var. inflatum (Suksd.) Cholewa & Douglass M. Hend.","grasswidow"
"ONVI","Onobrychis viciifolia Scop.","sainfoin"
"OPFR","Opuntia fragilis (Nutt.) Haw.","BRITTLE PRICKLYPEAR"
"OPPO","Opuntia polyacantha Haw.","PLAINS PRICKLYPEAR"
"ORLU2","Orthocarpus luteus Nutt.","yellow owl's-clover"
"OROBA","Orobanche L.","broomrape"
"ORPI2","Orobanche pinorum Geyer ex Hook.","pine broomrape"
"ORTHO","Orthocarpus Nutt.","owl's-clover"
"ORTO","Orthocarpus tolmiei Hook. & Arn.","Tolmie's owl's-clover"
"ORYZO","Oryzopsis Michx.","ricegrass"
"OSBE","Osmorhiza berteroi DC.","sweetcicely"
"OSMOR","Osmorhiza Raf.","sweetroot"
"OSOC","Osmorhiza occidentalis (Nutt. ex Torr. & A. Gray) Torr.","western sweetroot"
"OXBES","Oxytropis besseyi (Rydb.) Blank. var. salmonensis Barneby","Salmon River locoweed"
"OXDE","Oxytheca dendroidea Nutt.","narrowleaf oxytheca"
"OXDI3","Oxyria digyna (L.) Hill","alpine mountainsorrel"
"OXST","Oxalis stricta L.","common yellow woodsorrel"
"PACA15","Packera cana (Hook.) W.A. Weber & Á. Löve","woolly groundsel"
"PAMY","Paxistima myrsinites (Pursh) Raf.","myrtle pachistima"
"PASM","Pascopyrum smithii (Rydb.) Á. Löve","WESTERN WHEATGRASS"
"PAST10","Packera streptanthifolia (Greene) W.A. Weber & Á. Löve","Rocky Mountain groundsel"
"PEAC","Penstemon acuminatus Douglas ex Lindl.","sharpleaf penstemon"
"PEAT10","Perovskia atriplicifolia Benth.","Russian sage"
"PECA12","Petrophytum caespitosum (Nutt.) Rydb.","mat rockspirea"
"PECU","Penstemon cusickii A. Gray","Cusick's penstemon"
"PEDE4","Penstemon deustus Douglas ex Lindl.","hotrock penstemon"
"PEEA","Penstemon eatonii A. Gray","firecracker penstemon"
"PEFR3","Penstemon fruticosus (Pursh) Greene","bush penstemon"
"PEGL5","Penstemon globosus (Piper) Pennell & D.D. Keck","globe penstemon"
"PEGR2","Pedicularis groenlandica Retz.","elephanthead lousewort"
"PEHU","Penstemon humilis Nutt. ex A. Gray","low penstemon"
"PELA17","Penstemon laxus A. Nelson","loose penstemon"
"PELE8","Penstemon lemhiensis (D.D. Keck) D.D. Keck & Cronquist","Lemhi penstemon"
"PENI3","Penstemon nitidus Douglas ex Benth.","shining penstemon"
"PENST","Penstemon Schmidel","Penstemon"
"PEPA29","Penstemon payettensis A. Nelson & J.F. Macbr.","Payette penstemon"
"PEPA8","Penstemon palmeri A. Gray","Palmer's penstemon"
"PEPE12","Penstemon perpulcher A. Nelson","Minidoka penstemon"
"PEPU12","Penstemon pumilus Nutt.","dwarf penstemon"
"PEPU7","Petradoria pumila (Nutt.) Greene","rock goldenrod"
"PERY","Penstemon rydbergii A. Nelson","Rydberg's penstemon"
"PESI","Pediocactus simpsonii (Engelm.) Britton & Rose","Simpson hedgehog cactus"
"PESP","Penstemon speciosus Douglas ex Lindl.","royal penstemon"
"PEST2","Penstemon strictus Benth.","Rocky Mountain penstemon"
"PEVE2","Penstemon venustus Douglas ex Lindl.","Venus penstemon"
"PHAC2","Phlox aculeata A. Nelson","sagebrush phlox"
"PHACE","Phacelia Juss.","Phacelia"
"PHAL2","Phleum alpinum L.","alpine timothy"
"PHAL7","Physocarpus alternans (M.E. Jones) J.T. Howell","dwarf ninebark"
"PHAR3","Phalaris arundinacea L.","REED CANARYGRASS"
"PHCA7","Phlox caespitosa Nutt.","tufted phlox"
"PHCH","Phoenicaulis cheiranthoides Nutt.","daggerpod"
"PHDI3","Phlox diffusa Benth.","spreading phlox"
"PHEM","Phyllodoce empetriformis (Sm.) D. Don","pink mountain heather"
"PHHA","Phacelia hastata Douglas ex Lehm.","silverleaf phacelia"
"PHHAC3","Phacelia hastata Douglas ex Lehm. var. compacta (Brand) Cronquist","compact phacelia"
"PHHE2","Phacelia heterophylla Pursh","varileaf phacelia"
"PHHO","Phlox hoodii Richardson","Hoods phlox"
"PHHOM","Phlox hoodii Richardson ssp. muscoides (Nutt.) Wherry","musk phlox"
"PHID2","Phlox idahonis Wherry","Idaho phlox"
"PHLE4","Philadelphus lewisii Pursh","syringa - mockorange"
"PHLI","Phacelia linearis (Pursh) Holz.","threadleaf phacelia"
"PHLO2","Phlox longifolia Nutt.","longleaf phlox"
"PHLOX","Phlox L.","Phlox"
"PHMA5","Physocarpus malvaceus (Greene) Kuntze","mallow ninebark"
"PHMU3","Phlox multiflora A. Nelson","flowery phlox"
"PHPR3","Phleum pratense L.","TIMOTHY"
"PHSE","Phacelia sericea (Graham) A. Gray","silky phacelia"
"PHSP","Phlox speciosa Pursh","showy phlox"
"PHVI3","Phlox viscida E.E. Nelson","sticky phlox"
"PIAB","Picea abies (L.) Karst.","Norway spruce"
"PIAL","Pinus albicaulis Engelm.","whitebark pine"
"PICO","Pinus contorta Douglas ex Loudon","lodgepole pine"
"PIDE4","Picrothamnus desertorum Nutt.","bud sagebrush"
"PIEN","Picea engelmannii Parry ex Engelm.","Engelmann spruce"
"PIFL2","Pinus flexilis James","limber pine"
"PIGL","Picea glauca (Moench) Voss","white spruce"
"PIMO","Pinus monophylla Torr. & Frém.","singleleaf pinyon"
"PIMO3","Pinus monticola Douglas ex D. Don","western white pine"
"PINI","Pinus nigra Arnold","Austrian pine"
"PIPO","Pinus ponderosa Lawson & C. Lawson","PONDEROSA PINE"
"PIPU","Picea pungens Engelm.","blue spruce"
"PISY","Pinus sylvestris L.","Scots pine"
"PLANT","Plantago L.","plantain"
"PLER","Plantago eriopoda Torr.","saline plantain"
"PLLA","Plantago lanceolata L.","BUCKHORN PLANTAIN"
"PLMA2","Plantago major L.","COMMON PLANTAIN"
"PLPA2","Plantago patagonica Jacq.","Indian-wheat plantain"
"PLSP7","Pleiacanthus spinosus (Nutt.) Rydb.","skeletonweed"
"POA","Poa L.","bluegrass"
"POAC5","Populus ×acuminata Rydb. (pro sp.) [angustifolia × deltoides]","lanceleaf cottonwood"
"POAL7","Populus alba L.","WHITE POPLAR"
"POAM8","Polygonum amphibium L.","water knotweed"
"POAMS","Polygonum amphibium L. var. stipulaceum Coleman","WATER SMARTWEED"
"POAN3","Populus angustifolia James","NARROWLEAF COTTONWOOD"
"POAR8","Potentilla argentea L.","silver cinquefoil"
"POBAT","Populus balsamifera L. ssp. trichocarpa (Torr. & A. Gray ex Hook.) Brayshaw","black cottonwood"
"POBI6","Polygonum bistortoides Pursh","American bistort"
"POBU","Poa bulbosa L.","BULBOUS BLUEGRASS"
"POCO","Poa compressa L.","CANADA BLUEGRASS"
"POCU3","Poa cusickii Vasey","Cusick's bluegrass"
"PODI2","Potentilla diversifolia Lehm.","varileaf cinquefoil"
"PODO4","Polygonum douglasii Greene","Douglas' knotweed"
"PODOS2","Polygonum douglasii Greene ssp. spergulariiforme (Meisn. ex Small) J.C. Hickman","fall knotweed"
"POFE","Poa fendleriana (Steud.) Vasey","muttongrass"
"POFL3","Potentilla flabellifolia Hook. ex Torr. & A. Gray","high mountain cinquefoil"
"POGLP","Potentilla glandulosa Lindl. ssp. pseudorupestris (Rydb.) D.D. Keck","sticky cinquefoil"
"POGR9","Potentilla gracilis Douglas ex Hook.","slender cinquefoil"
"POGRF","Potentilla gracilis Douglas ex Hook. var. flabelliformis (Lehm.) Nutt. ex Torr. & A. Gray","cupformleaf cinquefoil"
"POLE3","Poa lettermanii Vasey","Letterman's bluegrass"
"POLEM","Polemonium L.","Jacob's-ladder"
"POLYG4","Polygonum L.","knotweed"
"PONA4","Potamogeton natans L.","FLOATING PONDWEED"
"PONIP","Potentilla nivea L. var. pentaphylla Lehm.","fiveleaf cinquefoil"
"POOC2","Polemonium occidentale Greene","western polemonium"
"POPA2","Poa palustris L.","FOWL BLUEGRASS"
"POPH","Polygonum phytolaccifolium Meisn. ex Small","western knotweed"
"POPR","Poa pratensis L.","KENTUCKY BLUEGRASS"
"POPU3","Polemonium pulcherrimum Hook.","Jacob's-ladder polemonium"
"POPUL","Populus L.","COTTONWOOD"
"PORA3","Polygonum ramosissimum Michx.","BUSHY KNOTWEED"
"PORE","Poa reflexa Vasey & Scribn. ex Vasey","nodding bluegrass"
"POSE","Poa secunda J. Presl","northern bluegrass"
"POSE","Poa secunda J. Presl","pine bluegrass"
"POSE","Poa secunda J. Presl","alkali bluegrass"
"POSE","Poa secunda J. Presl","big bluegrass"
"POSE","Poa secunda J. Presl","Canby bluegrass"
"POSE","Poa secunda J. Presl","Nevada bluegrass"
"POSE","Poa secunda J. Presl","Sandberg bluegrass"
"POSI11","Populus simonii Carrière [excluded]","Simon poplar"
"POTEN","Potentilla L.","CINQUEFOIL"
"POTR5","Populus tremuloides Michx.","QUAKING ASPEN"
"PRAM","Prunus americana Marshall","AMERICAN PLUM"
"PRAR3","Prunus armeniaca L.","apricot"
"PRCU2","Primula cusickiana (A. Gray) A. Gray","Cusick's primrose"
"PREM","Prunus emarginata (Douglas ex Hook.) D. Dietr.","bitter cherry"
"PRLA4","Pritchardia lanigera Becc.","Mongolian cherry"
"PRPUB","Prunus pumila L. var. besseyi (L.H. Bailey) Gleason","western sandcherry"
"PRTE5","Prunus tenella Batsch","Russian almond"
"PRTO80","Prunus tomentosa Thunb.","Nanking cherry"
"PRVI","Prunus virginiana L.","chokecherry"
"PSJU3","Psathyrostachys juncea (Fisch.) Nevski","RUSSIAN WILDRYE"
"PSLA3","Psoralidium lanceolatum (Pursh) Rydb.","sand scurfpea"
"PSMEG","Pseudotsuga menziesii (Mirb.) Franco var. glauca (Beissn.) Franco","Rocky Mountain Douglas fir"
"PSORA2","Psoralidium Rydb.","scurfpea"
"PSSA2","×Pseudelymus saxicola (Scribn. & J.G. Sm.) Barkworth & D.R. Dewey [Elymus elymoides × Pseudoroegneria spicata]","foxtail wheatgrass"
"PSSPI","Pseudoroegneria spicata (Pursh) Á. Löve ssp. inermis (Scribn. & J.G. Sm.) Á. Löve","beardless wheatgrass"
"PSSPS","Pseudoroegneria spicata (Pursh) Á. Löve ssp. spicata","BLUEBUNCH WHEATGRASS"
"PUDI","Puccinellia distans (Jacq.) Parl.","weeping alkaligrass"
"PULE","Puccinellia lemmonii (Vasey) Scribn.","Lemmon's alkaligrass"
"PUNU2","Puccinellia nuttalliana (Schult.) Hitchc.","Nuttall's alkaligrass"
"PUTR2","Purshia tridentata (Pursh) DC.","antelope bitterbrush"
"PYIN2","Pyrrocoma insecticruris L.F. Hend.","wholeleaf goldenweed"
"PYLAL","Pyrrocoma lanceolata (Hook.) Greene var. lanceolata","lanceleaf goldenweed"
"PYUNU","Pyrrocoma uniflora (Hook.) Greene var. uniflora","plantain goldenweed"
"PYUS2","Pyrus ussuriensis Maxim.","Harbin pear"
"QUMA2","Quercus macrocarpa Michx.","BUR OAK"
"RAAN","Ranunculus andersonii A. Gray","Anderson's buttercup"
"RACY","Ranunculus cymbalaria Pursh","alkali buttercup"
"RAGL","Ranunculus glaberrimus Hook.","sagebrush buttercup"
"RANUN","Ranunculus L.","buttercup"
"RAPO","Ranunculus populago Greene","mountain buttercup"
"RHGL","Rhus glabra L.","SMOOTH SUMAC"
"RHTR","Rhus trilobata Nutt.","SKUNKBUSH SUMAC"
"RIAU","Ribes aureum Pursh","GOLDEN CURRANT"
"RIBES","Ribes L.","currant"
"RICE","Ribes cereum Douglas","wax currant"
"RIMO2","Ribes montigenum McClatchie","gooseberry currant"
"ROSA5","Rosa L.","wild rose"
"ROWO","Rosa woodsii Lindl.","Woods' rose"
"RUAQF","Rumex aquaticus L. var. fenestratus (Greene) Dorn","Western dock"
"RUCR","Rumex crispus L.","CURLY DOCK"
"RUMEX","Rumex L.","dock"
"RUOC2","Rudbeckia occidentalis Nutt.","western coneflower"
"SAAE","Salvia aethiopis L.","Mediterranean sage"
"SAAL2","Salix alba L.","WHITE WILLOW"
"SAAM2","Salix amygdaloides Andersson","PEACHLEAF WILLOW"
"SABE2","Salix bebbiana Sarg.","Bebb willow"
"SABO2","Salix boothii Dorn","Booth's willow"
"SACU","Sagittaria cuneata Sheldon","arumleaf arrowhead"
"SADO4","Salvia dorrii (Kellogg) Abrams","purple sage"
"SADR","Salix drummondiana Barratt ex Hook.","Drummond's willow"
"SAEX","Salix exigua Nutt.","coyote willow"
"SAGE2","Salix geyeriana Andersson","Geyer's willow"
"SAKA","Salsola kali L.","Russian thistle"
"SALA2","Sagittaria latifolia Willd.","Broadleaf arrowhead"
"SALE","Salix lemmonii Bebb","Lemmon's willow"
"SALIC","Salicornia L.","pickleweed"
"SALIX","Salix L.","willow"
"SALU2","Salix lutea Nutt.","yellow willow"
"SALUL","Salix lucida Muhl. ssp. lasiandra (Benth.) A.E. Murray","Pacific willow"
"SAMBU","Sambucus L.","elderberry"
"SAMI3","Sanguisorba minor Scop.","small burnet"
"SANIC5","Sambucus nigra L. ssp. cerulea (Raf.) R. Bolli","blue elderberry"
"SAPE11","Sarcocornia perennis (Mill.) A.J. Scott","laurel willow"
"SAPL2","Salix planifolia Pursh","plainleaf willow"
"SAPR3","Salix prolixa Andersson","MacKenzie's willow"
"SARAR3","Sambucus racemosa L. var. racemosa","red elderberry"
"SARU","Salicornia rubra A. Nelson","red pickleweed"
"SASC","Salix scouleriana Barratt ex Hook.","Scouler's willow"
"SASI2","Salix sitchensis Sanson ex Bong.","Sitka willow"
"SAVE4","Sarcobatus vermiculatus (Hook.) Torr.","GREASEWOOD"
"SAWO","Salix wolfii Bebb","Wolf's willow"
"SCAC3","Schoenoplectus acutus (Muhl. ex Bigelow) Á. Löve & D. Löve","HARDSTEM BULRUSH"
"SCAM6","Schoenoplectus americanus (Pers.) Volkart ex Schinz & R. Keller","AMERICAN BULRUSH"
"SCAR7","Schedonorus arundinaceus (Schreb.) Dumort., nom. cons.","tall fescue"
"SCAR7","Schedonorus arundinaceus (Schreb.) Dumort., nom. cons.","tall fescue"
"SCIRP","Scirpus L.","bulrush"
"SCMI2","Scirpus microcarpus J. Presl & C. Presl","panicled bulrush"
"SCPU10","Schoenoplectus pungens (Vahl) Palla","common threesquare"
"SCTA2","Schoenoplectus tabernaemontani (C.C. Gmel.) Palla","SOFTSTEM BULRUSH"
"SECR","Senecio crassulus A. Gray","thickleaf groundsel"
"SEDUM","Sedum L.","stonecrop"
"SEIN2","Senecio integerrimus Nutt.","lambstongue groundsel"
"SELAL","Sedum lanceolatum Torr. ssp. lanceolatum","spearleaf stonecrop"
"SENEC","Senecio L.","groundsel"
"SERU3","Sedum rupicola G.N. Jones","curvedleaf stonecrop"
"SESE2","Senecio serra Hook.","butterweed groundsel"
"SEST2","Sedum stenopetalum Pursh","wormleaf stonecrop"
"SETR","Senecio triangularis Hook.","arrowleaf groundsel"
"SEVA4","Securigera varia (L.) Lassen","crownvetch"
"SHAR","Shepherdia argentea (Pursh) Nutt.","silver buffaloberry"
"SHCA","Shepherdia canadensis (L.) Nutt.","russet buffaloberry"
"SIAL2","Sisymbrium altissimum L.","tumble mustard"
"SIID","Sisyrinchium idahoense E.P. Bicknell","Idaho blue-eyed grass"
"SIOR","Sidalcea oregana (Nutt. ex Torr. & A. Gray) A. Gray","checkermallow"
"SIRO5","Sisyrinchium rosulatum E.P. Bicknell","Menzies silene"
"SISCL","Silene scaposa B.L. Rob. var. lobata C.L. Hitchc. & Maguire","Lost River silene"
"SISYM","Sisymbrium L.","mustard"
"SISYR","Sisyrinchium L.","blue-eyed grass"
"SIVU","Silene vulgaris (Moench) Garcke","maidens-tear"
"SOARU","Sonchus arvensis L. ssp. uliginosus (M. Bieb.) Nyman","marsh sowthistle"
"SOLID","Solidago L.","goldenrod"
"SOMI2","Solidago missouriensis Nutt.","MISSOURI GOLDENROD"
"SOMU","Solidago multiradiata Aiton","mountain goldenrod"
"SONCH","Sonchus L.","sowthistle"
"SOSI2","Sorbus sitchensis M. Roem.","western mountain ash"
"SPAI","Sporobolus airoides (Torr.) Torr.","ALKALI SACATON"
"SPAR2","Sphaeromeria argentea Nutt.","silver chickensage"
"SPBE2","Spiraea betulifolia Pall.","white spirea"
"SPCO","Sphaeralcea coccinea (Nutt.) Rydb.","SCARLET GLOBEMALLOW"
"SPCR","Sporobolus cryptandrus (Torr.) A. Gray","SAND DROPSEED"
"SPER","Sparganium erectum L.","simplestem bur-reed"
"SPGR","Spartina gracilis Trin.","ALKALI CORDGRASS"
"SPGR2","Sphaeralcea grossulariifolia (Hook. & Arn.) Rydb.","gooseberryleaf globemallow"
"SPLU5","Spiraea lucida Douglas ex Greene","shinyleaf spirea"
"SPMU2","Sphaeralcea munroana (Douglas) Spach","Munro's globemallow"
"SPPO","Spirodela polyrrhiza (L.) Schleid.","big duckweed"
"SPRO","Spiranthes romanzoffiana Cham.","hooded lady's tresses"
"STAC","Stenotus acaulis (Nutt.) Nutt.","stemless goldenweed"
"STELL","Stellaria L.","starwort"
"STENO7","Stenotus Nutt.","GOLDENWEED"
"SUAED","Suaeda Forssk. ex J.F. Gmel.","seepweed"
"SYAL","Symphoricarpos albus (L.) S.F. Blake","common snowberry"
"SYAS3","Symphyotrichum ascendens (Lindl.) G.L. Nesom","western aster"
"SYCAC","Symphyotrichum campestre (Nutt.) G.L. Nesom var. campestre","western meadow aster"
"SYFAC","Symphyotrichum falcatum (Lindl.) G.L. Nesom var. commutatum (Torr. & A. Gray) G.L. Nesom","white prairie aster"
"SYFO2","Symphyotrichum foliaceum (Lindl. ex DC.) G.L. Nesom","alpine aster"
"SYFOP","Symphyotrichum foliaceum (Lindl. ex DC.) G.L. Nesom var. parryi (D.C. Eaton) G.L. Nesom","Parry's aster"
"SYFR2","Symphyotrichum frondosum (Nutt.) G.L. Nesom","short-rayed alkali aster"
"SYMPH","Symphoricarpos Duham.","snowberry"
"SYOC","Symphoricarpos occidentalis Hook.","WESTERN SNOWBERRY"
"SYOR2","Symphoricarpos oreophilus A. Gray","mountain snowberry"
"SYORU","Symphoricarpos oreophilus A. Gray var. utahensis (Rydb.) A. Nelson","Utah snowberry"
"SYVU","Syringa vulgaris L.","common lilac"
"TACA8","Taeniatherum caput-medusae (L.) Nevski","medusahead"
"TAOF","Taraxacum officinale F.H. Wigg.","common dandelion"
"TECA2","Tetradymia canescens DC.","gray horsebrush"
"TEGL","Tetradymia glabrata Torr. & A. Gray","littleleaf horsebrush"
"TEGR3","Tetraneuris grandiflora (Torr. & A. Gray ex A. Gray) K.F. Parker","old-man-of-the-mountain"
"TESP2","Tetradymia spinosa Hook. & Arn.","spiny horsebrush"
"TETRA3","Tetradymia DC.","horsebrush"
"THALI2","Thalictrum L.","meadow-rue"
"THAR5","Thlaspi arvense L.","FIELD PENNYCRESS"
"THFE","Thalictrum fendleri Engelm. ex A. Gray","Fendler's meadow-rue"
"THIN6","Thinopyrum intermedium (Host) Barkworth & D.R. Dewey","intermediate wheatgrass"
"THMO6","Thermopsis montana Nutt.","mountain goldenpea"
"THOC","Thalictrum occidentale A. Gray","western meadow-rue"
"THPO7","Thinopyrum ponticum (Podp.) Z.-W. Liu & R.-C. Wang","tall wheatgrass"
"THRE2","Thelypodium repandum Rollins","Idaho thelypody"
"TIAM","Tilia americana L.","American linden"
"TRCO19","Triglochin concinna Burtt Davy","slender arrowgrass"
"TRDU","Tragopogon dubius Scop.","yellow salsify"
"TRFR2","Trifolium fragiferum L.","strawberry clover"
"TRGR7","Triteleia grandiflora Lindl.","Douglas brodiaea"
"TRHY","Trifolium hybridum L.","ALSIKE CLOVER"
"TRHY3","Triteleia hyacinthina (Lindl.) Greene","white brodiaea"
"TRIFO","Trifolium L.","clover"
"TRISE","Trisetum Pers.","Trisetum"
"TRMA20","Triglochin maritima L.","seaside arrowgrass"
"TRMA3","Trifolium macrocephalum (Pursh) Poir.","bighead clover"
"TROCB","Triantha occidentalis (S. Watson) Gates ssp. brevistyla (C.L. Hitchc.) Packer","Priest Lake tofieldia"
"TRPA28","Triglochin palustris L.","Marsh arrowgrass"
"TRPL2","Trifolium plumosum Douglas ex Hook.","plumed clover"
"TRPR2","Trifolium pratense L.","RED CLOVER"
"TRRE3","Trifolium repens L.","WHITE CLOVER"
"TRSP2","Trisetum spicatum (L.) K. Richt.","spike trisetum"
"TSHE","Tsuga heterophylla (Raf.) Sarg.","western hemlock"
"TSME","Tsuga mertensiana (Bong.) Carrière","mountain hemlock"
"TSUGA","Tsuga Carrière","hemlock"
"TYLA","Typha latifolia L.","broadleaf cattail"
"ULPU","Ulmus pumila L.","SIBERIAN ELM"
"URDIG","Urtica dioica L. ssp. gracilis (Aiton) Seland.","CALIFORNIA NETTLE"
"UTRIC","Utricularia L.","flatleaf bladderwort"
"VACE","Vaccinium cespitosum Michx.","dwarf blueberry"
"VAED","Valeriana edulis Nutt. ex Torr. & A. Gray","tobacco root"
"VALER","Valeriana L.","valerian"
"VAMY2","Vaccinium myrtillus L.","whortleberry"
"VAOC2","Valeriana occidentalis A. Heller","western valerian"
"VASC","Vaccinium scoparium Leiberg ex Coville","grouse whortleberry"
"VEAN2","Veronica anagallis-aquatica L.","WATER SPEEDWELL"
"VEBL","Verbascum blattaria L.","moth mullein"
"VECA2","Veratrum californicum Durand","western false hellebore"
"VEHA2","Verbena hastata L.","swamp verbena"
"VEPO6","Vesicarpa potentilloides (A. Gray) Rydb.","fivefinger chickensage"
"VETH","Verbascum thapsus L.","common mullein"
"VEVI","Veratrum viride Aiton","northern false hellebore"
"VIAM","Vicia americana Muhl. ex Willd.","American vetch"
"VIBE2","Viola beckwithii Torr. & A. Gray","Beckwith's violet"
"VICIA","Vicia L.","vetch"
"VIGL","Viola glabella Nutt.","pioneer violet"
"VILE","Viburnum lentago L.","nannyberry"
"VINU2","Viola nuttallii Pursh","yellow prairie violet"
"VIOLA","Viola L.","VIOLET"
"VIOR","Viola orbiculata Geyer ex Holz.","roundleaf violet"
"VIPU4","Viola purpurea Kellogg","goosefoot violet"
"VUMY","Vulpia myuros (L.) C.C. Gmel.","rat-tail fescue"
"VUOC","Vulpia octoflora (Walter) Rydb.","SIXWEEKS FESCUE"
"WAID","Waldsteinia idahoensis Piper","Idaho false strawberry"
"WYAM","Wyethia amplexicaulis (Nutt.) Nutt.","mule-ears"
"WYHE2","Wyethia helianthoides Nutt.","white mule-ears"
"XETE","Xerophyllum tenax (Pursh) Nutt.","common beargrass"
"ZIGAD","Zigadenus Michx.","death camas"
"ZIPA2","Zigadenus paniculatus (Nutt.) S. Watson","foothill deathcamas"
"ZIVE","Zigadenus venenosus S. Watson","meadow deathcamas"